{"min": -120.0, "max": 0.0, "mean": -92.32995757260778, "std": 21.903365646789126}