{"min": -120.0, "max": 0.0, "mean": -92.31909832984589, "std": 21.91531550714197}