{"min": -120.0, "max": 51.78862762451172, "mean": -70.70781612304107, "std": 24.413189512905245}