{"min": -120.0, "max": 0.0, "mean": -94.51341252184119, "std": 21.16105138891207}