{"min": -120.0, "max": 0.0, "mean": -93.2354209501291, "std": 21.52857082603604}